id,AreaHeading,ChapterHeading,LessonHeading,ExerciseHeading,TeacherName,StudentName,StatusFor,Status,CreatedDate
257,History,"First River Civilations","1st River Civilizations",Null,"pawan kumar","User  three",lesson,None,04-01-2016
258,Geometry,"Theorem of Pythagoras","Introduction Story",Null,"pawan kumar","User  three",lesson,None,04-01-2016
259,Geometry,"Theorem of Pythagoras","Introduction Story",Null,"pawan kumar","New One",lesson,None,04-01-2016
260,Geometry,"Theorem of Pythagoras","Finding fractional value",Null,"pawan kumar","New One",lesson,None,04-01-2016
261,Geometry,"Theorem of Pythagoras","Finding fractional value",Null,"pawan kumar","User Two",lesson,None,04-01-2016
262,Language,"Grammar and Syntax","Box VI: Adverb",Null,"pawan kumar","Anmol Verma",lesson,None,04-01-2016
263,Language,"Grammar and Syntax","Box VI: Adverb",Null,"pawan kumar","User Two",lesson,None,04-01-2016
264,Language,"Grammar and Syntax","Box II: Noun","classification of nouns","pawan kumar","Anmol Verma",exercise,None,04-01-2016
265,Language,"Grammar and Syntax","Box II: Noun","classification of nouns","pawan kumar","User Two",exercise,None,04-01-2016
